{
  "id": "dddb4d32-7450-48cf-b4f7-72ccfaad3f76",
  "name": "nifty_rip",
  "values": [
    {
      "key": "host",
      "value": "localhost",
      "description": "",
      "enabled": true
    },
    {
      "key": "port",
      "value": "8000",
      "description": "",
      "enabled": true
    },
    {
      "key": "product_id",
      "value": "1",
      "type": "text",
      "description": "",
      "enabled": true
    }
  ],
  "_postman_variable_scope": "environment",
  "_postman_exported_at": "2018-09-11T14:43:01.779Z",
  "_postman_exported_using": "Postman/6.3.0"
}