{
	"info": {
		"_postman_id": "84757eca-425c-4976-90d7-74248c0f1647",
		"name": "nifty_rip",
		"schema": "https://schema.getpostman.com/json/collection/v2.1.0/collection.json"
	},
	"item": [
		{
			"name": "List products",
			"request": {
				"method": "GET",
				"header": [
					{
						"key": "Accept",
						"value": "application/json"
					}
				],
				"body": {},
				"url": {
					"raw": "{{host}}:{{port}}/api/products/",
					"host": [
						"{{host}}"
					],
					"port": "{{port}}",
					"path": [
						"api",
						"products",
						""
					]
				}
			},
			"response": []
		},
		{
			"name": "List orders",
			"request": {
				"method": "GET",
				"header": [
					{
						"key": "Accept",
						"value": "application/json"
					}
				],
				"body": {},
				"url": {
					"raw": "{{host}}:{{port}}/api/orders/",
					"host": [
						"{{host}}"
					],
					"port": "{{port}}",
					"path": [
						"api",
						"orders",
						""
					]
				}
			},
			"response": []
		},
		{
			"name": "Product",
			"request": {
				"method": "GET",
				"header": [
					{
						"key": "Accept",
						"value": " application/json"
					}
				],
				"body": {},
				"url": {
					"raw": "{{host}}:{{port}}/api/products/{{product_id}}",
					"host": [
						"{{host}}"
					],
					"port": "{{port}}",
					"path": [
						"api",
						"products",
						"{{product_id}}"
					]
				}
			},
			"response": []
		},
		{
			"name": "Create product",
			"request": {
				"method": "POST",
				"header": [
					{
						"key": "Accept",
						"value": "application/json"
					},
					{
						"key": "Content-Type",
						"value": "application/json"
					}
				],
				"body": {
					"mode": "raw",
					"raw": "{\n\t\"name\": \"KAKAHA2\",\n\t\"slug\": \"kakaha1\",\n\t\"type\": \"vitae\",\n\t\"size\": \"S\",\n\t\"color\": \"Maroon\",\n\t\"currency\": \"DJF\",\n\t\"price\": \"99.9\"\n}"
				},
				"url": {
					"raw": "{{host}}:{{port}}/api/products/",
					"host": [
						"{{host}}"
					],
					"port": "{{port}}",
					"path": [
						"api",
						"products",
						""
					]
				}
			},
			"response": []
		},
		{
			"name": "Create order",
			"request": {
				"method": "POST",
				"header": [
					{
						"key": "Accept",
						"value": "application/json"
					},
					{
						"key": "Content-Type",
						"value": "application/json"
					}
				],
				"body": {
					"mode": "raw",
					"raw": "{\n\t\"products\": [223, 231]\n}"
				},
				"url": {
					"raw": "{{host}}:{{port}}/api/orders/",
					"host": [
						"{{host}}"
					],
					"port": "{{port}}",
					"path": [
						"api",
						"orders",
						""
					]
				}
			},
			"response": []
		},
		{
			"name": "List orders by type",
			"request": {
				"method": "GET",
				"header": [
					{
						"key": "Accept",
						"value": "application/json"
					}
				],
				"body": {},
				"url": {
					"raw": "{{host}}:{{port}}/api/orders/type/vitae",
					"host": [
						"{{host}}"
					],
					"port": "{{port}}",
					"path": [
						"api",
						"orders",
						"type",
						"vitae"
					]
				}
			},
			"response": []
		}
	]
}